Name,2021,2020,2019,2018,2017,2016,2015,2014,2013,2012
Aaron Ramsdale,,,,,,,,,,
Aaron Ramsey,,,,,,73,107,75,49,
Aaron Wan-Bissaka,,,160,,,,,,,
Abderrazak Hamdallah,,167,,,,,,,,
Achraf Bencharki,,,,,,,,,,
Achraf Hakimi,38,76,90,,,,,,,
Adama Traoré,,114,,,,,,,,
Adrien Rabiot,,,,,99,,,,,
Adrien Silva,,,,,,91,,,,
Akram Afif,,,180,,,,,,,
Alassane Pléa,,166,,,,,,,,
Alejandro ‘Papu’ Gomez,,32,148,,,,,,,
Aleksandar Kolarov,,,,,,,,,,
Aleksandar Mitrovic,,,,,,,,,,
Aleksandr Golovin,,,,,,,,,,
Aleksey Miranchuk,,,,,,,,,,
Alessandro Bastoni,,,,,,,,,,
Alex Oxlade-Chamberlain,,,,,,,,,,
Alex Sandro,,,161=,144,90,,,,,
Alex Teixeira,,,,,,,89,,,
Alex Telles,,,,,,,,,,
Alexander Callens,,,,,,,,,,
Alexander Isak,101,,,,,,,,,
Alexander Sørloth,,201,,,,,,,,
Alexandre Lacazette,,,99,150,102,94,61,,,
Alexis Sánchez,,,,130,32,9,10,22,95,
Aliou Dieng,,,,,,,,,,
Alisson,67,26,9,43,,,,,,
Allan,,,,101,,,,,,
Almoez Ali,,,172,,,,,,,
Alphonso Davies,42,23,,,,,,,,
Alvaro Gonzalez,,,,,,,,,,
Álvaro Morata,,95,,,47,71,47,,,
Alvaro Negredo,,,,,,,,,73,
Anastasios Bakasetas,,,,,,,,,,
André Onana,,163,179,,,,,,,
André Silva,154,,,,,,,,,
Andrea Pirlo,,,,,,,42,29,21,8
Andreas Christensen,,,,,,,,,,
André-Frank Zambo Anguissa,,,,,,,,,,
Andrej Kramarić,,171,,,,,,,,
André-Pierre Gignac,,210,,,,,,,,
Andrés Iniesta,,186,,,29,15,12,28,5,4
Andrew Robertson,103,34,23,114,,,,,,
Andriy Yarmolenko,,,,,,,98,,,
Ángel Correa,,156,,,,,,,,
Angel Di María,32,38,39,124,100,43,39,14,72,47
Angeliño,,112,,,,,,,,
Ansu Fati,122,45,,,,,,,,
Ante Rebić,,,,85,,,,,,
Anthony Lopes,,202,,,,,,,,
Anthony Martial,,127,,,,,66,,,
Anthony Modeste,,,,,,,,,,
Antoine Griezmann,76,90,25,6,18,4,28,74,,
Anton Miranchuk,,211,,,,,,,,
Antonio Rüdiger,48,,,,,,,,,
Antony,140,,,,,,,,,
Arda Turan,,,,,,,78,38,70,
Aritz Aduriz,,,,,,67,,,,
Arjen Robben,,,,,79,89,22,4,14,66
Arsen Zakharyan,,,,,,,,,,
Artem Dzyuba,,179,,,,,,,,
Arthur,,,77,110,,,,,,
Arturo Vidal,,176,168=,,66,32,15,33,26,57
Ashley Cole,,,,,,,,,,30
Asmir Begovic,,,,,,,,,96,
Aurélien Tchouaméni,,,,,,,,,,
Axel Witsel,,,110,96,,,,,52,
Aymeric Laporte,153,131,54,,,,,,,
Bafetimbi Gomis,,,,,,,,,,
Baghdad Bounedjah,,,,,,,,,,
Bastian Schweinsteiger,,,,,,,74,25,20,19
Ben Brereton Díaz,,,,,,,,,,
Ben Chilwell,138,,,,,,,,,
Ben Godfrey,,,,,,,,,,
Benjamin André,,,,,,,,,,
Benjamin Mendy,,,,,97,,,,,
Benjamin Pavard,,,,71,,,,,,
Bernardo Silva,45,70,16,68,84,149,167,,,
Blaise Matuidi,,,108,53,,84,53,62,93,
Brahim Díaz,,,,,,,,,,
Branislav Ivanovic,,,,,,,,53,98,
Breel Embolo,,,,,,,,,,
Brendan Gan,,,,,,,,,,
Bruno Fernandes,16,21,69,,,,,,,
Bruno Guimarães,,217,,,,,,,,
Bruno Henrique,157,110,66,,,,,,,
Bruno Petkovic,,,,,,,,,,
Bukayo Saka,95,187,,,,,,,,
Burak Yilmaz,85,,,,,,,,,
Çaglar Söyüncü,,,,,,,,,,
Carles Puyol,,,,,,,,,,46
Carlos Bacca,,,,,,,65,,,
Carlos Sanchez,,,,,,,93,,,
Carlos Soler,,,,,,,,,,
Carlos Tevez,,198,,,,,17,41,46,48
Carlos Vela,,218,107,,,,212=,,,
Casemiro,68,56,61,42,28,53,,,,
César Azpilicueta,50,,155,132,52,146=,90,90,,
Cesc Fàbregas,,,,,93,,63,36,29,36
Chris Smalling,,195,,,,,,,,
Christian Eriksen,,219,41,36,25,140,146=,,101,74
Christian Pulisic,161,128,143,106,77,138,,,,
Christopher Nkunku,127,212,,,,,,,,
Ciro Immobile,66,24,63,73,71,,,,,
Claudio Bravo,,,,,,81,84,,,
Clément Lenglet,,,133,,,,,,,
Conor Coady,,,,,,,,,,
Cristian Arango,,,,,,,,,,
Cristian Romero,121,,,,,,,,,
Cristiano Ronaldo,8,3,4,2,2,1,2,1,2,2
Daley Blind,,,139,,,,,,,
Daley Blind,,,,,,,,89,,
Damián Martínez,,,,,,,,,,
Dani Alves,,,57,135,26,78,58,81,41,43
Dani Carvajal,,,,108,86,,,,,
Dani Ceballos,,,,,,,,,,
Dani Olmo,90,,,,,,,,,
Dani Parejo,,,117,,,,,,,
Daniel Sturridge,,,,,,,,51,,
Daniele De Rossi,,,,,,,,97,38,42
Danilo Pereira,,,,,,,,,,
Danny Ings,,139,,,,,,,,
Dante,,,,,,,,,53,
Darijo Srna,,,,,,,,,,84
Darío Benedetto,,,,,,,,,,
Dario Conca,,,,,,,,,78,
Darwin Nuñez,,173,,,,,,,,
David Alaba,55,31,128,136,94,61,23,44,43,
David De Gea,,105,93,39,23,29,18,55,,
David Luiz,,,,,83,171=,122=,95,50,79
David Neres,,,105,,,,,,,
David Silva,,146,46,20,38,44,30,35,32,18
David Villa,,,,,,,,,,62
David Villa,,,,,,,,,,
Dayot Upamecano,164,52,156=,,,,,,,
Declan Rice,59,,,,,,,,,
Dejan Kulusevski,,106,,,,,,,,
Dele Alli,,,89,45,31,90,,,,
Denis Cheryshev,,,,87,,,,,,
Denzel Dumfries,,,,,,,,,,
Deyverson,,,,,,,,,,
Didier Drogba,,,,,,,,,,49
Diego Carlos,,136,,,,,,,,
Diego Costa,,213,,88,68,46,51,12,35,
Diego Forlan,,,,,,,,,,99
Diego Godín,,,85,34,63,24,40,34,,
Diego Rossi,,193,,,,,,,,
Dimitri Payet,,,,,,27,,,,
Diogo Jota,88,63,,,,,,,,
Divock Origi,,,156=,,,,,,,
Djené Dakonam,,,,,,,,,,
Domenico Berardi,,203,,,,,,,,
Dominic Calvert-Lewin,,80,,,,,,,,
Dominik Szoboszlai,,96,,,,,,,,
Donny van de Beek,,174,33,,,,,,,
Douglas Costa,,,173,102,,63,32,,,
Dries Mertens,,84,78,46,27,,,,,
Dudu,,,,147,,,,,,
Dusan Tadic,89,144,27,,,,,,,
Dusan Vlahovic,57,,,,,,,,,
Duván Zapata,83,57,64,,,,,,,
Eden Hazard,,83,14,7,10,35,13,16,100,58
Éder Militão,,,,,,,,,,
Ederson,75,89,40,59,122,,,,,
Edin Dzeko,150,147,176,54,43,145,,66,,
Edin Visca,,,,,,,,,,
Edinson Cavani,,159,56,21,13,47,54,47,13,10
Edison Flores,,,,,,,,,,
Edmond Tapsoba,,,,,,,,,,
Édouard Mendy,20,214,,,,,,,,
Eduardo Camavinga,155,87,,,,,,,,
Emil Forsberg,128,,,,69,,,,,
Emile Smith Rowe,146,,,,,,,,,
Emiliano Martínez,52,,,,,,,,,
Emin Mahmudov,,,,,,,,,,
Emmanuel Emenike,,,,,,,,,97,
Emmanuel Mayuka,,,,,,,,,,85
Enner Valencia,,,,,,,,94,,
Enock Mwepu,,,,,,,,,,
Enzo Pérez,,194,,,,,,,,
Eran Zahavi,,,175,,,,,,,
Erick Pulgar,,,,,,,,,,
Erling Haaland,7,6,53,,,,,,,
Esteban Andrada,,,,,,,,,,
Éver Banega,,93,,,,95,,,,
Éverton Ribeiro,,122,92,149,,,,,,
Everton Soares,,220,,,,,,,,
Exequiel Palacios,,,177,,,,,,,
Ezequiel Garay,,,,,,,,77,,
Ezequiel Lavezzi,,,,,,,,,,75
Fábian Ruiz,,124,112,,,,,,,
Fabinho,97,51,34,,91,,,,,
Fabio Quagliarella,,,94,,,,,,,
Federico Bernardeschi,,,,,,,,,,
Federico Chiesa,17,140,150,,,,,,,
Federico Marchetti,,,,,,,,,71,
Federico Valverde,,66,,,,,,,,
Felipe Melo,,,,,,,,,,
Ferland Mendy,,181,,,,,,,,
Fernandinho,,168,58,63,101,93,129,,,38
Fernando Llorente,,,,,,,,,,
Fernando Muslera,,,,,,,145,,,
Ferran Torres,141,94,,,,,,,,
Fikayo Tomori,,,,,,,,,,
Filip Kostic,,,,,,,,,,
Florian Neuhaus,,,,,,,,,,
Florian Thauvin,,,,145,,,,,,
Florian Wirtz,133,,,,,,,,,
Francesco Acerbi,,141,,,,,,,,
Francesco Caputo,,208,,,,,,,,
Francesco Totti,,,,,,96,96,79,31,
Franck Kessié,112,151,,,,,,,,
Franck Ribery,,,,,,,76,26,4,28
Franco Armani,,,,118,,,,,,
Frank Lampard,,,,,,,,,88,
Fred,,,,,,,,,,
Fredrik Midtsjo,,,,,,,,,,
Frenkie de Jong,110,79,10,92,,,,,,
Gabriel Barbosa,137,103,52,,,,,,,
Gabriel Jesus,134,117,75,81,39,64,,,,
Gareth Bale,,,106,38,50,6,16,8,7,40
Gavi,98,,,,,,,,,
Georginio Wijnaldum,,73,43,,,,,,,
Gerard Moreno,51,118,,,,,,,,
Gerard Piqué,,130,82,83,58,38,44,93,39,24
Germán Cano,,,,,,,,,,
Germán Pezzella,,,,,,,,,,
Gerson,,,,,,,,,,
Gervinho,,,,,,,,82,,
Gianluca Lapadula,,,,,,,,,,
Gianluigi Buffon,,,,60,16,22,34,72,24,20
Gianluigi Donnarumma,12,129,138,,136,80,,,,
Gio Reyna,,153,,,,,,,,
Giorgian De Arrascaeta,163,121,132,,,,,,,
Giorgio Chiellini,24,142,70,49,56,66,71,103,104,50
Giorgos Masouras,,,,,,,,,,
Giovani Lo Celso,,158,,,,,,,,
Giuseppe Rossi,,,,,,,,,54,
Gonçalo Guedes,,,,,,,,,,
Gonzalo Higuaín,,,135,90,34,14,48,68,56,
Gonzalo Martinez,,,,94,,,,,,
Gonzalo Montiel,,,,,,,,,,
Granit Xhaka,,,,,,,,,,
Guilherme Arana,,,,,,,,,,
Gustavo Gómez,160,,,,,,,,,
Hakan Çalhanoğlu,132,,,,,,,,,
Hakim Ziyech,,60,29,130,140,171=,,,,
Harry Kane,15,20,15,9,5,33,38,,,
Harry Maguire,,204,146,79,,,,,,
Hatem Ben Arfa,,,,,,,,,,92
Héctor Herrera,,,,,,,170=,92,,
Henrikh Mkhitaryan,,196,,,92,57,77,85,,90
Hernanes,,,,,,,,,,71
Hirving Lozano,,,170,98,137,,,,,
Houssem Aouar,,72,,,,,,,,
Hugo Lloris,,113,88,40,81,40,114,76,64,
Hulk,108,,,,,,59,,,83
Iago Aspas,,120,137,125,,,,,,
Idrissa Gueye,,,95,,,,,,,
Ignacio Fernández,,191,,,,,,,,
Igor Stasevich,,,,,,,,,,
Iker Casillas,,,,,,,,88,,12
Iker Muniain,,,,,,,,,,
Ilkay Gundogan,,,,,,,,,44,
Ilkay Gündogan,35,221,,,,85,,,44,
Iñaki Williams,,,,,,,,,,
Isco,,,,28,12,142,91,84,94,
Ismaël Bennacer,,189,161=,,,,,,,
Ivan Perisic,165,,,29,107=,158,,,,
Ivan Rakitic,,,129,13,57,34,20,49,,
Jack Grealish,61,59,,,,,,,,
Jack Wilshere,,,,,,,,91,,
Jackson Martínez,,,,,,,,73,,
Jackson Muleka,,,,,,,,,,
Jadon Sancho,114,29,32,103,,,,,,
Jamal Musiala,159,,,,,,,,,
James Maddison,,,118,,,,,,,
James Milner,,,149,82,,,,,,
James Rodríguez,,134,,70,,89,19,15,,59
Jamie Vardy,119,35,48,,96,19,68,,,
Jan Oblak,33,28,24,27,35,42,217=,,,
Jan Vertonghen,,,147,113,,,217=,,57,
Jason Denayer,,164,,,,,,,,
Javi Martinez,,,,,,,,,99,98
Javier Mascherano,,,,,,62,25,27,63,39
Javier Pastore,,,,,,,85,,,89
Javier Zanetti,,,,,,,,,,41
Jens Petter Hauge,,,,,,,,,,
Jérémy Doku,,,,,,,,,,
Jérôme Boateng,,97,,,,36,35,57,,
Jesús Corona,,190,,,,,,,,
Jesús Navas,,86,,,,,,,,
Joakim Mæhle,96,,,,,,,,,
Joan Jordán,,,,,,,,,,
João Cancelo,63,199,,,,,,,,
João Félix,84,37,35,,,,,,,
João Moutinho,,,,,,,,,,76
João Palhinha,,,,,,,,,,
João Silva,,,,,,,,,,
Joaquin,,,,,,,,,,
Joaquín Correa,,,,,,,,,,
Joe Hart,,,,,,,,,,65
Joël Matip,,,115,,,,,,,
John Stones,,,,86,,165=,106,,,
John Terry,,,,,,,,69,,86
Jonathan David,120,,,,,,,,,
Jonathan Ikoné,,,,,,,,,,
Jonathan Rodriguez,,,,,,,,,,
Jordan Henderson,117,33,74,,,,,,,
Jordan Larsson,,,,,,,,,,
Jordan Pickford,,,,65,,,,,,
Jordi Alba,,138,65,64,89,155,72,,117,55
Jorginho,5,,62,52,130,,,,,
José Juan Macías,,,,,,,,,,
José María Callejón,,,,,,,,86,,
José María Giménez,,,83,100,,,212=,,,
Josef Martínez,,,,154,,,,,,
Joshua Kimmich,18,11,37,67,64,60,,,,
Josip Ilicic,,61,,,,,,,,
Juan Bernat,,,,,,,,,,
Juan Cuadrado,,143,,,,,,56,,
Juan Fernando Quintero,,,,,,,,,,
Juan Mata,,,,,,87,87,,30,32
Juan Zuniga,,,,,,,,,84,
Jude Bellingham,72,,,,,,,,,
Jules Koundé,116,119,,,,,,,,
Julián Álvarez,91,,,,,,,,,
Julian Brandt,,,,,,,,,,
Julian Weigl,,,,,,99,,,,
Junya Ito,,,,,,,,,,
Justin Bijlow,,,,,,,,,,
Kaan Ayhan,,,,,,,,,,
Kai Havertz,47,50,86,,,,,,,
Kalidou Koulibaly,130,62,30,56,141,123,,,,
Kalvin Phillips,104,,,,,,,,,
Kaoru Mitoma,,,,,,,,,,
Karim Adeyemi,162,,,,,,,,,
Karim Benzema,4,12,20,48,51,50,33,19,55,35
Kasper Schmeichel,77,155,125,,,72,,,,
Keisuke Honda,,,,,,,,,68,
Kepa Arrizabalaga,,,124,,,,,,,
Kevin De Bruyne,10,4,12,8,4,13,14,,,
Kevin Gameiro,,,,,,59,,,,
Kevin Strootman,,,,,,,,,62,
Kevin Volland,,,,,,,,,,
Keylor Navas,94,67,102,66,78,55,67,,,
Kieran Tierney,,222,,,,,,,,
Kieran Trippier,147,,,72,,,,,,
Kingsley Coman,109,47,119,,,,,,,
Klaas Jan Huntelaar,,,,,,,,,,63
Kodjo Fo-Doh Laba,,,,,,,,,,
Koen Casteels,,,,,,,,,,
Koke,135,101,,141,88,41,70,42,90,
Krzysztof Piatek,,,151,,,,,,,
Kwadwo Asamoah,,,,,,,,,,87
Kyle Walker,74,,165=,80,109,,,,,
Kylian Mbappé,6,7,6,4,8,,,,,
Kyogo Furuhashi,,,,,,,,,,
Laurent Koscielny,,,,,,68,100,,74,
Lautaro Martínez,30,44,47,,,,,,,
Leandro Damião,,,,,,,,,,
Leandro Paredes,,,,,,,,,,
Leon Goretzka,64,40,,,105,,,,,
Leonardo Bonucci,22,152,103,76,45,26,92,,,88
Leonardo Spinazzola,73,,,,,,,,,
Leroy Sané,115,75,91,57,61,,,,,
Lionel Messi,2,2,1,3,1,2,1,2,1,1
Lorenzo Insigne,62,150,140,58,44,148,127,,,
Lorenzo Pellegrini,,,,,,,,,,
Lucas Hernández,,,,69,,,,,,
Lucas Moura,,,67,,,,,,92,
Lucas Ocampos,,53,,,,,,,,
Lucas Paquetá,118,,,,,,,,,
Lucas Torreira,,,,93,,,,,,
Luis Abram,,,,,,,,,,
Luis Alberto,,98,,,,,,,,
Luis Díaz,87,,,,,,,,,
Luis Miguel Rodríguez,,,,,,,,,,
Luis Montes,,,,,,,,,,
Luis Muriel,156,148,,,,,,,,
Luis 'Pulga' Rodríguez,,,,,,,,,,
Luis Sinisterra,,,,,,,,,,
Luis Suárez,19,58,26,14,15,3,4,6,9,21
Luiz Adriano,,,,,,,,78,,
Luka Jovic,,,114,,,,,,,
Luka Modric,40,71,45,1,6,12,31,23,61,80
Lukáš Hrádecký,,,,,,,,,,
Lukas Nmecha,,,,,,,,,,
Lukasz Piszczek,,,,,,,,,85,
Luke Shaw,78,,,,,,,,,
Luuk de Jong,,116,,,,,,,,
Malcom,,,,,,,,,,
Manuel Akanji,,,,,,,,,,
Manuel Locatelli,125,,,,,,,,,
Manuel Neuer,36,15,113,123,40,18,8,3,22,29
Mapou Yanga-M'Biwa,,,,,,,,,,82
Marc-André ter Stegen,149,48,21,44,55,143,217=,,,
Marcel Sabitzer,,68,,,,,,,,
Marcelo,,188,109,18,19,48,88,,60,51
Marcelo Brozovic,81,,130,104,,,,,,
Marcelo Díaz,,,,,,,,,,
Marcelo Martins,,,,,,,,,,
Marco Asensio,,,,62,42,,,,,
Marco Reus,,,80,47,,110,50,40,23,27
Marco Verratti,37,126,81,109,48,45,43,64,76,
Marcos Alonso,,,,77,113,,,,,
Marcos Llorente,71,88,,,,,,,,
Marcos Senesi,,,,,,,,,,
Marcus Rashford,106,41,72,129,75,153,,,,
Marcus Thuram,,137,,,,,,,,
Marek Hamsik,,,,,,82,,,58,97
Marinho (Santos),,,,,,,,,,
Mario Balotelli,,,,,,,,,33,67
Mario Gomez,,,,,,,,,,56
Mario Götze,,,,,,,80,24,34,34
Mario Mandzukic,,,,33,98,,113,71,48,
Mario Mandzukic,,,,,,,,,,77
Mario Pasalic,,,,,,,,,,
Marouane Fellaini,,,,,,,,,,60
Marquinhos,44,49,71,,,122,198=,,86,
Marten de Roon,,,,,,,,,,
Martin Hinteregger,,,,,,,,,,
Martin Ødegaard,,74,152,,,,,,,
Martín Zubimendi,,,,,,,,,,
Mason Greenwood,,145,,,,,,,,
Mason Mount,27,149,142,,,,,,,
Mateo Kovacic,,132,,,,,,,,
Matheus Cunha,,223,,,,,,,,
Mathieu Valbuena,,,,,,,,,,68
Matías Vecino,,,,,,,,,,
Mats Hummels,,177,,,70,51,75,39,66,45
Mattéo Guendouzi,,,,,,,,,,
Matteo Pessina,,,,,,,,,,
Matthijs de Ligt,,69,18,89,,,,,,
Mauro Icardi,,192,60,32,33,49,82,,,
Max Kruse,,,,,,,,,,
Maxence Caqueret,,165,,,,,,,,
Maxence Lacroix,,,,,,,,,,
Maxi Gómez,,175,,,,,,,,
Mehdi Benatia,,,,,,,,83,87,
Mehdi Taremi,,,,,,,,,,
Memphis Depay,49,64,76,84,,,86,96,,
Mesut Özil,,,,99,67,23,26,54,12,17
Michael Olunga,,,,,,,,,,
Michail Antonio,142,,,,,,,,,
Michu,,,,,,,,,80,
Miguel Borja,,,,,,83,,,,
Mike Maignan,,,,,,,,,,
Mikel Merino,,,,,,,,,,
Mikel Oyarzabal,86,107,,,,,,,,
Mikkel Damsgaard,126,,,,,,,,,
Milan Skriniar,,205,121,112,,,,,,
Milot Rashica,,,,,,,,,,
Miralem Pjanic,,125,50,51,85,70,55,58,81,
Miranda,,,,,,,,87,,
Miroslav Klose,,,,,,,,70,,
Mohamed Salah,3,8,5,5,22,65,69,,,
Moisés Caicedo,,207,,,,,,,,
Moussa Dembélé,,185,,,,,,,,91
Moussa Sissoko,,,156=,,,,,,,
Nabil Fékir,152,,,95,115,,109,,,
Naby Keïta,,,,121,53,,,,,
Nacho,,,,148,,,,,,
Nani,,,,,,79,,,,
Nemanja Matic,,,,146,74,,99,48,,
Nemanja Vidic,,,,,,,,,51,64
Neymar,13,9,31,11,3,5,3,7,6,13
N'Golo Kanté,9,55,22,10,17,16,,,,
Nguyễn Quang Hải,,,,,,,,,,
Nguyen Tien Linh,,,,,,,,,,
Nicolás De La Cruz,,,,,,,,,,
Nicolás Lodeiro,,,,,,,,,,
Nicolas Pépé,,,101,,,,,,,
Nicolás Tagliafico,,,134,,,,,,,
Nicoló Barella,26,92,,,,,,,,
Nicolò Zaniolo,,,141,,,,,,,
Niklas Süle,,,165=,,,,,,,
Nikola Vlašić,,161,,,,,,,,
Nolito,,,,,,,83,,,
Odion Ighalo,,,,,,,,,,
Oleksandr Zinchenko,,,,,,,,,,
Olivier Giroud,,170,126,97,,,,,,
Oscar,,,,,,,,46,36,37
Ousmane Dembélé,,,,120,59,100,,,,
Pablo Sarabia,,,,,,,,,,
Pablo Zabaleta,,,,,,,,59,77,
Paco Alcácer,,,104,,,,,,,
Paolo Guerrero,,,,,124,,,,,
Patrice Evra,,,,,,,,,,78
Patrick Bamford,,,,,,,,,,
Patrik Schick,79,,,,,,,,,
Patson Daka,,172,,,,,,,,
Pau Torres,105,,,,,,,,,
Paul Onuachu,,,,,,,,,,
Paul Pogba,69,109,55,16,30,17,11,20,,
Paulinho,,,,,,,,,59,100
Paulo Dybala,131,39,42,26,14,37,118,,,
Pedri,21,157,,,,,,,,
Pedro,,,,,,,,,,72
Pedro Gallese,,,,,,,,,,
Pedro Goncalves,148,,,,,,,,,
Pepe,,,,,,30,,,,96
Pepê (Gremio),,,,,,,,,,
Péter Gulácsi,,,,,,,,,,
Petr Cech,,,,,,,79,,65,44
Phil Foden,25,108,,,,,,,,
Philipp Lahm,,,,,,56,21,9,15,25
Philippe Coutinho,,81,100,25,24,28,46,,,
Pierre-Emerick Aubameyang,,36,28,55,21,8,27,,79,69
Pierre-Emile Højbjerg,100,209,,,,,,,,
Presnel Kimpembe,,99,,,,,,,,
Quincy Promes,,,,,,171=,190=,,,
Radamel Falcao,,,,,41,,,63,16,6
Radja Nainggolan,,,,140,72,104,128,99,,
Rafael Leão,,,,,,,,,,
Rafael Santos Borré,,,178,,,,,,,
Rafinha,,,,,,,,,,
Raheem Sterling,29,27,8,31,62,88,62,52,,
Ramires,,,,,,,,,,61
Raphaël Guerreiro,,154,,,,74,,,,
Raphaël Varane,139,104,73,12,95,118,56,,,
Raphael Veiga,,,,,,,,,,
Raphinha,136,,,,,,,,,
Raúl Albiol,,,,,,,,,,
Raúl Jiménez,,78,111,,,,,,,
Raúl Ruidíaz,,,,,,,,,,
Rayan Aït-Nouri,,,,,,,,,,
Reece James,70,,,,,,,,,
Reinaldo,,,,,,,,,,
Renan Lodi,,182,,,,,,,,
Renato Sanches,,183,,,,54,,,,
Ricardo Pereira,,,167,,,,,,,
Richarlison,143,82,144,122,143,,,,,
Riyad Mahrez,60,77,49,119,126,10,97,,,
Robert Lewandowski,1,1,7,30,7,7,5,30,18,70
Roberto Firmino,80,43,11,23,104,76,,,,
Robin Gosens,111,91,,,,,,,,
Robin van Persie,,,,,,,,45,11,7
Rodri,92,169,145,,,,,,,
Rodrigo Bentancur,,,,,,,,,,
Rodrigo De Paul,46,,,,,,,,,
Rodrigo Moreno,,,171,,,,,,,
Rodrygo,,206,168=,,,,,,,
Rogerio Ceni,,,,,,,,98,,
Romelu Lukaku,11,19,51,41,37,101,108,,,
Rony,,,,,,,,,,
Rúben Dias,14,178,,,,,,,,
Rúben Neves,,,,,,,168,,,
Rui Patrício,,,,,,75,,,,
Ruslan Malinovskyi,,,,,,,,,,
Sadio Mané,23,5,3,19,36,69,119,,,
Safawi Rasid,,,,,,,,,,
Sahruddin Mehemmedeliyev,,,,,,,,,,
Salem Al-Dawsari,,,,,,,,,,
Salman Al-Faraj,,,,,,,,,,
Salomón Rondón,,,,,,,,,,
Salvatore Sirigu,,,,,,,,,,
Samir Handanovic,,,98,,,,130,,82,
Samir Nasri,,,,,,,,,,93
Samuel Eto'o,,,,,,,,,83,54
Samuel Umtiti,,,,35,73,,,,,
Santi Cazorla,,197,97,,,97,95,,67,73
Sardar Azmoun,,215,,,,,,,,
Saúl Ñíguez,,115,116,61,80,,,,,
Sebastián Coates,,,,,,,,,,
Sebastian Giovinco,,,,,,,94,,,
Sébastien Haller,93,,,,,,,,,
Seko Fofana,,,,,,,,,,
Serge Gnabry,41,16,38,,,,,,,
Sergej Milinkovic-Savic,,111,164,138,,,,,,
Sergio Agüero,,65,13,15,20,11,9,10,10,11
Sergio Busquets,82,160,79,50,46,39,24,60,27,14
Sergio Canales,,133,,,,,,,,
Sergio Ramos,,13,36,17,11,25,37,32,45,22
Sergio Reguilón,,216,,,,,,,,
Seydou Doumbia,,,,,,,,100,,
Shinji Kagawa,,,,,,,,,89,94
Simeon Nwankwo,,,,,,,,,,
Simon Kjær,54,,,,,,,,,
Sofiane Feghouli,,,,,,,,,,
Son Heung-min,39,22,19,78,,135,126,,,
Stefan de Vrij,107,102,,,,,,,,
Stefan Savic,,,,,,,,,,
Stefano Sensi,,,,,,,,,,
Stephan El Shaarawy,,,,,,,,,,52
Steve Mandanda,,,,,,,,,,
Steven Alzate,,,,,,,,,,
Steven Berghuis,,200,,,,,,,,
Steven Gerrard,,,,,,,,80,,
Steven Nzonzi,,,,,,,,,,
Sunil Chhetri,,,,,,,,,,
Sven Bender,,184,,,,,,,,
Takehiro Tomiyasu,,,,,,,,,,
Takumi Minamino,,,,,,,,,,
Tammy Abraham,,,87,,,,,,,
Tanguy Ndombele,,,,,,,,,,
Taras Stepanenko,,,,,,,,,,
Teemu Pukki,,,84,,,,,,,
Téji Savanier,,,,,,,,,,
Theo Hernandez,102,123,,,,,,,,
Thiago Alcântara,123=,17,,107,49,98,81,,,
Thiago Almada,,,,,,,,,,
Thiago Silva,58,54,68,74,76,52,41,31,17,16
Thibaut Courtois,53,46,122,37,65,92,36,17,47,
Thomas Lemar,,,,,87,,,,,
Thomas Meunier,,,,75,,,,,,
Thomas Müller,28,14,174,,103,31,6,5,25,33
Thomas Partey,,85,120,,,,,,,
Thorgan Hazard,,,154,,,,,,,
Timo Werner,145,30,59,128,54,,,,,
Timothy Castagne,,,,,,,,,,
Toby Alderweireld,,,,142,82,58,,,75,
Tomas Soucek,144,,,,,,,,,
Toni Kroos,65,42,44,22,9,21,35,11,40,53
Trent Alexander-Arnold,34,18,17,,,,,,,
Unai Simón,151,,,,,,,,,
Valentín Castellanos,,,,,,,,,,
Vedat Muriqi,,,,,,,,,,
Victor Lindelöf,,,,,,,,,,
Victor Osimhen,129,135,136,,,,,,,
Victor Valdes,,,,,,,,,69,
Victor Wanyama,,,,,,,,,,81
Vieirinha,,,,,,,,,,
Vincent Enyeama,,,,,,,,65,,
Vincent Kompany,,,127,111,,,57,37,42,23
Vinicius Junior,31,162,,,,,,,,
Virgil van Dijk,43,10,2,24,,165=,,,,
Wahbi Khazri,,,,,,,,,,
Walter Kannemann,,,,,,,,,,
Wayne Rooney,,,,,,131,60,43,28,31
Wesley Fofana,,,,,,,,,,
Wesley Sneijder,,,,,,,,,,95
Weston McKennie,,,,,,,,,,
Weverton,158,,,,,,,,,
Wilfried Bony,,,,,,,,67,,
Wilfried Zaha,,,,153,,,,,,
William Carvalho,,,,,,,,,,
Willian,,,131,91,117,129,52,,110,26
Wilmar Barrios,,,,,,,,,,
Wissam Ben Yedder,,100,153,,,,,,,
Wojciech Szczesny,,224,123,,,,,,,
Wout Weghorst,,,,,,,,,,
Xabi Alonso,,,,,,,49,21,37,
Xavi,,,,,,,,50,8,3
Xherdan Shaqiri,,,,,,,,,,
Yacine Brahimi,,,,,,,64,61,,
Yann Sommer,113,,161=,,,,,,,
Yannick Carrasco,123=,,,,,77,,,,
Yassine Bounou,,,,,,,,,,
Yaya Toure,,,,,,,29,18,19,9
Yeferson Soteldo,,,,,,,,,,
Yeremi Pino,,,,,,,,,,
Yevhen Konoplyanka,,,,,,,73,,,
Yohan Cabaye,,,,,,,,,91,
Yoshimar Yotún,,,,,,,,,,
Youcef Atal,,,,,,,,,,
Youri Tielemans,99,180,156=,,,,,,,
Youssef El-Arabi,,,,,,,,,,
Youssef En-Nesyri,,,,,,,,,,
Yunis Abdelhamid,,,,,,,,,,
Zeki Çelik,,,,,,,,,,
Zelimkhan Bakayev,,,,,,,,,,
Zlatan Ibrahimovic,56,25,96,117,60,20,7,13,3,5
